id,created,updated,code,level_of_theory,k_point_grid,level_of_relativity,basis_set_definition,created_by_id,dataset_id,updated_by_id,numerical_accuracy,xc_functional
2,2019-04-13 22:12:24.606392,2019-04-13 22:12:24.606444,VASP,DFT,2x5x7,Non-relativistic,Plane-wave with cutoff 900 eV,1,194,1,Tolerance: 10e-9 eV,PBE-GGA
3,2019-04-13 22:12:29.190791,2019-04-13 22:12:29.190883,VASP,DFT,2x5x7,Non-relativistic,Plane-wave with cutoff 900 eV,1,195,1,Tolerance: 10e-9 eV,PBE-GGA
8,2019-04-16 20:32:46.059777,2021-09-07 21:50:55.059655,FHI-aims,density functional theory,,atomic ZORA,tight,1,106,35,tight,PBE
9,2019-04-16 20:32:46.074521,2021-09-07 21:51:11.620637,FHI-aims,density functional theory,,atomic ZORA,tight,1,107,35,tight,PBE with Tkatchenko-Scheffler van der Waals correction
10,2019-04-16 20:32:46.088521,2021-09-07 21:51:23.346069,FHI-aims,density functional theory,,atomic ZORA,tight,1,108,35,tight,PBE with many-body dispersion (range-separated MBD@rsSCS)
14,2019-04-22 20:52:37.461023,2019-05-17 17:24:13.099472,FHI-aims,density functional theory,,with spin-orbit coupling,,1,218,15,,"HSE06 α = 0.25, ω = 0.11/bohr"
16,2019-04-22 20:52:37.699350,2019-05-17 17:24:13.099472,FHI-aims,density functional theory,,with spin-orbit coupling,,1,234,15,,"HSE06 α = 0.25, ω = 0.11/bohr"
17,2019-04-22 20:52:37.715421,2019-05-17 17:24:13.099472,FHI-aims,density functional theory,,with spin-orbit coupling,,1,235,15,,"HSE06 α = 0.25, ω = 0.11/bohr"
18,2019-04-22 20:52:37.729812,2019-05-17 17:24:13.099472,FHI-aims,density functional theory,,with spin-orbit coupling,,1,236,15,,"HSE06 α = 0.25, ω = 0.11/bohr"
19,2019-04-22 20:52:37.745189,2019-05-17 17:24:13.099472,FHI-aims,density functional theory,,with spin-orbit coupling,,1,237,15,,"HSE06 α = 0.25, ω = 0.11/bohr"
20,2019-04-22 20:52:37.759828,2019-05-17 17:24:13.099472,FHI-aims,density functional theory,,with spin-orbit coupling,,15,238,15,,"HSE06 α = 0.25, ω = 0.11/bohr"
21,2019-04-22 20:52:37.774276,2019-05-17 17:24:13.099472,FHI-aims,density functional theory,,with spin-orbit coupling,,1,239,15,,"HSE06 α = 0.25, ω = 0.11/bohr"
22,2019-04-22 20:52:37.788524,2019-05-17 17:24:13.099472,FHI-aims,density functional theory,,with spin-orbit coupling,,15,240,15,,"HSE06 α = 0.25, ω = 0.11/bohr"
23,2019-04-22 20:52:37.803320,2019-05-17 17:24:13.099472,FHI-aims,density functional theory,,with spin-orbit coupling,,1,241,15,,"HSE06 α = 0.25, ω = 0.11/bohr"
24,2019-04-22 20:52:37.881173,2019-05-17 17:24:13.099472,FHI-aims,density functional theory,,with spin-orbit coupling,,15,242,15,,"HSE06 α = 0.25, ω = 0.11/bohr"
25,2019-04-22 20:52:37.895120,2019-05-17 17:24:13.099472,FHI-aims,density functional theory,,with spin-orbit coupling,,15,243,15,,"HSE06 α = 0.25, ω = 0.11/bohr"
26,2019-04-22 20:52:37.908611,2019-05-17 17:24:13.099472,FHI-aims,density functional theory,,with spin-orbit coupling,,15,244,15,,"HSE06 α = 0.25, ω = 0.11/bohr"
27,2019-04-22 20:52:37.921908,2019-05-17 17:24:13.099472,FHI-aims,density functional theory,,with spin-orbit coupling,,15,245,15,,"HSE06 α = 0.25, ω = 0.11/bohr"
28,2019-04-22 20:52:37.936406,2019-05-17 17:24:13.099472,FHI-aims,density functional theory,,with spin-orbit coupling,,15,246,15,,"HSE06 α = 0.25, ω = 0.11/bohr"
29,2019-04-22 20:52:37.950070,2019-05-17 17:24:13.099472,FHI-aims,density functional theory,,with spin-orbit coupling,,15,247,15,,"HSE06 α = 0.25, ω = 0.11/bohr"
30,2019-04-22 20:52:37.963674,2019-05-17 17:24:13.099472,FHI-aims,density functional theory,,with spin-orbit coupling,,15,248,15,,"HSE06 α = 0.25, ω = 0.11/bohr"
31,2019-04-22 20:52:37.977074,2019-05-17 17:24:13.099472,FHI-aims,density functional theory,,with spin-orbit coupling,,15,249,15,,"HSE06 α = 0.25, ω = 0.11/bohr"
32,2019-04-22 20:52:37.991205,2019-05-17 17:24:13.099472,FHI-aims,density functional theory,,with spin-orbit coupling,,15,250,15,,"HSE06 α = 0.25, ω = 0.11/bohr"
33,2019-04-22 20:52:38.005682,2019-05-17 17:24:13.099472,FHI-aims,density functional theory,,with spin-orbit coupling,,15,251,15,,"HSE06 α = 0.25, ω = 0.11/bohr"
34,2019-04-22 20:52:38.022061,2019-05-17 17:24:13.099472,FHI-aims,density functional theory,,with spin-orbit coupling,,15,252,15,,"HSE06 α = 0.25, ω = 0.11/bohr"
35,2019-04-22 20:52:38.038040,2019-05-17 17:24:13.099472,FHI-aims,density functional theory,,with spin-orbit coupling,,15,253,15,,"HSE06 α = 0.25, ω = 0.11/bohr"
36,2019-04-22 20:52:38.052072,2019-05-17 17:24:13.099472,FHI-aims,density functional theory,,with spin-orbit coupling,,15,254,15,,"HSE06 α = 0.25, ω = 0.11/bohr"
38,2019-04-30 02:37:05.876748,2019-05-17 17:24:13.099472,FHI-aims,DFT,3x3x3,2nd variational non-self-consistent SOC,NAO,13,279,15,0.025 eV,"HSE06 α = 0.25, ω = 0.11/bohr"
41,2019-04-30 03:05:39.436994,2019-04-30 03:05:39.436320,FHI-aims,DFT,2x5x5,atomic ZORA,NAO,13,282,13,0.005 eV/Angstrom,PBE+TS
42,2019-04-30 20:08:31.645330,2019-05-17 17:24:13.099472,FHI-aims,DFT,3x3x3,2nd variational non-self-consistent SOC,NAO,13,287,15,0.05 eV,"HSE06 α = 0.25, ω = 0.11/bohr"
43,2019-05-01 16:43:07.710412,2019-05-17 17:24:13.099472,FHI-aims,DFT,3x3x3,2nd variational non-self-consistent SOC,NAO,13,296,15,0.05 eV,"HSE06 α = 0.25, ω = 0.11/bohr"
45,2019-05-01 17:46:30.088141,2019-05-17 17:24:13.099472,FHI-aims,DFT,3x3x3,2nd variational non-self-consistent SOC,NAO,13,301,15,0.05,"HSE06 α = 0.25, ω = 0.11/bohr"
47,2019-05-02 19:01:26.021728,2019-05-02 19:01:26.021451,FHI-aims,DFT,30x30x30,2nd variational non-self-consistent SOC,NAO,13,312,13,0.05 eV,PBE
48,2019-05-02 19:04:19.313002,2019-05-02 19:04:19.312646,FHI-aims,DFT,30x30x30,2nd variational non-self-consistent SOC,NAO,13,313,13,0.05 eV,PBE
49,2019-05-02 19:27:33.981301,2019-05-02 19:27:33.980561,VASP,DFT,,,,13,314,13,,PBE
50,2019-05-03 03:01:48.051596,2019-05-17 17:24:13.099472,FHI-aims,density functional theory,3x3x3,atomic ZORA with spin-orbit coupling,FHI-aims tight,15,316,15,,"HSE06 α = 0.25, ω = 0.11/bohr"
51,2019-05-03 03:04:27.534302,2019-05-17 17:24:13.099472,FHI-aims,density functional theory,3x3x3,atomic ZORA with spin-orbit coupling,FHI-aims tight,15,317,15,,"HSE06 α = 0.25, ω = 0.11/bohr"
54,2019-05-07 19:26:04.277718,2019-05-07 19:26:04.277344,FHI-aims,DFT,8*8*8,atomic ZORA with SOC,,16,322,16,,PBE
55,2019-05-07 20:14:39.703525,2019-05-07 20:14:39.703183,Wien2K,DFT,1000,Koelling-Harmon approximation + SOC,,16,330,16,,PBE
56,2019-05-08 20:02:02.836873,2019-05-17 17:24:13.099472,FHI-aims,density functional theory,3x3x3,atomic ZORA with spin-orbit coupling,tight,1,332,15,,"HSE06 α = 0.25, ω = 0.11/bohr"
57,2019-05-08 20:02:21.540815,2019-05-17 17:24:13.099472,FHI-aims,density functional theory,3x3x3,atomic ZORA with spin-orbit coupling,tight,1,333,15,,"HSE06 α = 0.25, ω = 0.11/bohr"
58,2019-05-08 20:02:33.840688,2019-05-17 17:24:13.099472,FHI-aims,density functional theory,3x3x3,atomic ZORA with spin-orbit coupling,tight,15,334,15,,"HSE06 α = 0.25, ω = 0.11/bohr"
59,2019-05-08 20:02:44.686957,2019-05-17 17:24:13.099472,FHI-aims,density functional theory,1x4x4,atomic ZORA with spin-orbit coupling,tight,15,335,15,,"HSE06 α = 0.25, ω = 0.11/bohr"
60,2019-05-08 20:02:54.762102,2019-05-17 17:24:13.099472,FHI-aims,density functional theory,1x4x4,atomic ZORA with spin-orbit coupling,tight,15,336,15,,"HSE06 α = 0.25, ω = 0.11/bohr"
61,2019-05-08 20:03:03.418173,2019-05-17 17:24:13.099472,FHI-aims,density functional theory,3x3x3,atomic ZORA with spin-orbit coupling,tight,15,337,15,,"HSE06 α = 0.25, ω = 0.11/bohr"
62,2019-05-08 20:03:11.487423,2019-05-17 17:24:13.099472,FHI-aims,density functional theory,3x4x4,atomic ZORA with spin-orbit coupling,tight,15,338,15,,"HSE06 α = 0.25, ω = 0.11/bohr"
63,2019-05-08 20:03:17.915051,2019-05-17 17:24:13.099472,FHI-aims,density functional theory,4x4x3,atomic ZORA with spin-orbit coupling,tight,15,339,15,,"HSE06 α = 0.25, ω = 0.11/bohr"
64,2019-05-08 20:03:30.744795,2019-05-17 17:24:13.099472,FHI-aims,density functional theory,1x2x2,atomic ZORA with spin-orbit coupling,tight,1,340,15,,"HSE06 α = 0.25, ω = 0.11/bohr"
65,2019-05-08 20:03:44.622201,2019-05-17 17:24:13.099472,FHI-aims,density functional theory,3x3x3,atomic ZORA with spin-orbit coupling,tight,1,341,15,,"HSE06 α = 0.25, ω = 0.11/bohr"
66,2019-05-08 20:04:00.195256,2019-05-17 17:24:13.099472,FHI-aims,density functional theory,3x3x3,atomic ZORA with spin-orbit coupling,tight,1,342,15,,"HSE06 α = 0.25, ω = 0.11/bohr"
67,2019-05-08 20:04:17.992034,2019-05-17 17:24:13.099472,FHI-aims,density functional theory,3x3x3,atomic ZORA with spin-orbit coupling,tight,1,343,15,,"HSE06 α = 0.25, ω = 0.11/bohr"
69,2019-05-08 20:04:56.427907,2019-05-17 17:24:13.099472,FHI-aims,density functional theory,3x3x3,atomic ZORA with spin-orbit coupling,tight,1,345,15,,"HSE06 α = 0.25, ω = 0.11/bohr"
70,2019-05-08 20:05:07.977438,2019-05-17 17:24:13.099472,FHI-aims,density functional theory,3x4x4,atomic ZORA with spin-orbit coupling,tight,15,346,15,,"HSE06 α = 0.25, ω = 0.11/bohr"
71,2019-05-08 20:05:19.912046,2019-05-17 17:24:13.099472,FHI-aims,density functional theory,3x3x3,atomic ZORA with spin-orbit coupling,tight,15,347,15,,"HSE06 α = 0.25, ω = 0.11/bohr"
72,2019-05-08 20:05:30.615464,2019-05-17 17:24:13.099472,FHI-aims,density functional theory,3x3x3,atomic ZORA with spin-orbit coupling,tight,15,348,15,,"HSE06 α = 0.25, ω = 0.11/bohr"
73,2019-05-08 20:05:42.734501,2019-05-17 17:24:13.099472,FHI-aims,density functional theory,3x3x3,atomic ZORA with spin-orbit coupling,tight,15,349,15,,"HSE06 α = 0.25, ω = 0.11/bohr"
74,2019-05-08 20:05:56.365789,2019-05-17 17:24:13.099472,FHI-aims,density functional theory,3x3x3,atomic ZORA with spin-orbit coupling,tight,15,350,15,,"HSE06 α = 0.25, ω = 0.11/bohr"
75,2019-05-08 20:06:08.231420,2019-05-17 17:24:13.099472,FHI-aims,density functional theory,3x3x3,atomic ZORA with spin-orbit coupling,tight,15,351,15,,"HSE06 α = 0.25, ω = 0.11/bohr"
76,2019-05-08 20:06:20.577693,2019-05-17 17:24:13.099472,FHI-aims,density functional theory,3x3x3,atomic ZORA with spin-orbit coupling,tight,15,352,15,,"HSE06 α = 0.25, ω = 0.11/bohr"
77,2019-05-08 20:06:33.203087,2019-05-17 17:24:13.099472,FHI-aims,density functional theory,3x3x3,atomic ZORA with spin-orbit coupling,tight,15,353,15,,"HSE06 α = 0.25, ω = 0.11/bohr"
78,2019-05-08 20:06:47.890896,2019-05-17 17:24:13.099472,FHI-aims,density functional theory,3x3x3,atomic ZORA with spin-orbit coupling,tight,15,354,15,,"HSE06 α = 0.25, ω = 0.11/bohr"
79,2019-05-08 20:07:03.489383,2019-05-17 17:24:13.099472,FHI-aims,density functional theory,3x3x3,atomic ZORA with spin-orbit coupling,tight,15,355,15,,"HSE06 α = 0.25, ω = 0.11/bohr"
80,2019-05-08 20:07:19.834966,2019-05-17 17:24:13.099472,FHI-aims,density functional theory,3x3x3,atomic ZORA with spin-orbit coupling,tight,15,356,15,,"HSE06 α = 0.25, ω = 0.11/bohr"
81,2019-05-08 20:07:39.676469,2019-05-17 17:24:13.099472,FHI-aims,density functional theory,3x3x3,atomic ZORA with spin-orbit coupling,tight,15,357,15,,"HSE06 α = 0.25, ω = 0.11/bohr"
82,2019-05-08 20:08:00.836684,2019-05-17 17:24:13.099472,FHI-aims,density functional theory,3x3x3,atomic ZORA with spin-orbit coupling,tight,15,358,15,,"HSE06 α = 0.25, ω = 0.11/bohr"
83,2019-05-08 21:39:24.315290,2019-05-17 17:24:13.099472,FHI-aims,density functional theory,3x3x3,atomic ZORA with spin-orbit coupling,tight,15,359,15,,"HSE06 α = 0.25, ω = 0.11/bohr"
84,2019-05-08 21:39:43.783087,2019-05-17 17:24:13.099472,FHI-aims,density functional theory,3x3x3,atomic ZORA with spin-orbit coupling,tight,15,360,15,,"HSE06 α = 0.25, ω = 0.11/bohr"
85,2019-05-09 02:03:31.605537,2019-05-17 17:24:13.099472,FHI-aims,density functional theory,,atomic ZORA with spin-orbit-coupling,tight,1,365,15,,"HSE06 α = 0.25, ω = 0.11/bohr"
86,2019-05-09 18:30:49.956986,2019-05-17 17:24:13.099472,FHI-aims,density functional theory,,atomic ZORA with spin-orbit-coupling,tight,13,366,15,,"HSE06 α = 0.25, ω = 0.11/bohr"
87,2019-05-22 04:36:25.229828,2019-05-22 04:36:25.229528,CASTEP 50,DFT,4x4x4,,,1,372,1,,PBE-GGA
88,2019-05-22 04:37:26.784418,2019-05-22 04:37:26.784144,CASTEP 50,DFT,4x4x4,,,1,373,1,,PBE-GGA
89,2019-05-22 04:41:23.479951,2019-05-22 04:41:23.479709,CASTEP 50,DFT,4x4x4,,,1,374,1,,PBE-GGA
90,2019-05-22 04:43:32.804370,2019-05-22 04:43:32.804115,CASTEP 50,DFT,4x4x4,,,1,375,1,,PBE-GGA
92,2019-08-19 17:22:20.161507,2019-08-19 17:22:20.161170,VASP,DFT,,,,22,523,22,Plane wave energy cutoff of 500 eV,PBE
95,2019-08-19 18:29:50.074175,2019-08-19 18:29:50.073935,VASP,DFT,,,,22,533,22,fully relaxed the internal atomic positions until the forces were less than 1 meV Å−1 using a 500 eV plane-wave cutoff,PBEsol
96,2019-08-19 18:45:22.899746,2019-08-19 18:45:22.899501,VASP,DFT,,,,22,540,22,fully relaxed the internal atomic positions until the forces were less than 1 meV Å−1 using a 500 eV plane-wave cutoff,PBEsol
97,2019-08-19 20:15:35.334280,2019-08-19 20:15:35.334047,VASP,Density functional theory,2x6x6,spin-orbit coupling included,"projector-augmented wave (PAW) method, plane-wave cutoff 500 eV",15,558,15,total force on each atom converged to <0.01 eV/Å .,HSE
102,2019-08-20 01:20:29.791571,2019-08-20 01:21:15.512011,SIESTA package,DFT,Energy cutoff of 150 Ry for real-space mesh size,"SOC on-site approximation as proposed by Fernández-Seivane et al. (J. Phys.: Condens. Matter 2006, 18, 7999)",Double-zeta polarized basis set of finite-range numerical pseudoatomic orbitals; Troullier−Martins pseudopotentials,1,566,1,,revPBE-GGA
103,2019-08-20 01:22:41.694907,2019-08-20 01:22:48.824069,SIESTA package,DFT,Energy cutoff of 150 Ry for real-space mesh size,"SOC on-site approximation as proposed by Fernández-Seivane et al. (J. Phys.: Condens. Matter 2006, 18, 7999)",Double-zeta polarized basis set of finite-range numerical pseudoatomic orbitals; Troullier−Martins pseudopotentials,1,567,1,,revPBE-GGA
104,2019-08-20 01:23:22.002420,2019-08-20 01:23:22.002182,SIESTA package,DFT,Energy cutoff of 150 Ry for real-space mesh size,"SOC on-site approximation as proposed by Fernández-Seivane et al. (J. Phys.: Condens. Matter 2006, 18, 7999)",Double-zeta polarized basis set of finite-range numerical pseudoatomic orbitals; Troullier−Martins pseudopotentials,1,568,1,,revPBE-GGA
105,2019-08-20 01:23:57.889196,2019-08-20 01:23:57.886614,SIESTA package,DFT,Energy cutoff of 150 Ry for real-space mesh size,"SOC on-site approximation as proposed by Fernández-Seivane et al. (J. Phys.: Condens. Matter 2006, 18, 7999)",Double-zeta polarized basis set of finite-range numerical pseudoatomic orbitals; Troullier−Martins pseudopotentials,1,569,1,,revPBE-GGA
119,2019-08-24 13:21:57.900230,2019-08-24 13:21:57.899883,VASP,DFT,,,,22,595,22,fully relaxed the internal atomic positions until the forces were less than 1 meV Å−1 using a 500 eV plane-wave cutoff,PBEsol
120,2019-08-24 13:43:58.969618,2019-08-24 13:43:58.969289,VASP,DFT,,,,22,596,22,fully relaxed the internal atomic positions until the forces were less than 1 meV Å−1 using a 500 eV plane-wave cutoff,PBEsol
121,2019-08-24 14:34:08.114462,2019-08-24 14:34:08.114126,VASP,DFT,,,,22,597,22,Plane wave energy cutoff of 500 eV,PBE
122,2019-08-24 14:36:28.871778,2019-08-24 14:36:28.871545,VASP,DFT,,,,22,598,22,Plane wave energy cutoff of 500 eV,PBE
125,2019-08-24 23:03:01.242658,2019-08-24 23:03:01.242409,Quantum ESPRESSO,DFT,,Including scaler relativistic,,22,601,22,Single-particle wave functions (charges) were expanded on a plane-wave basis set up to a kinetic energy cutoff of 50 Ry (300 Ry). The crystal structures were fully relaxed until the total force on each atom was less than 0.01 eV/Å,PBE
126,2019-08-24 23:10:11.893820,2019-08-24 23:10:11.893489,Quantum ESPRESSO,DFT,,Including scaler relativistic,,22,602,22,Single-particle wave functions (charges) were expanded on a plane-wave basis set up to a kinetic energy cutoff of 50 Ry (300 Ry). The crystal structures were fully relaxed until the total force on each atom was less than 0.01 eV/Å,PBE
128,2019-08-24 23:11:29.517313,2019-08-24 23:11:29.517085,Quantum ESPRESSO,DFT,,Including scaler relativistic,,22,604,22,Single-particle wave functions (charges) were expanded on a plane-wave basis set up to a kinetic energy cutoff of 50 Ry (300 Ry). The crystal structures were fully relaxed until the total force on each atom was less than 0.01 eV/Å,PBE
130,2019-08-25 00:16:47.852384,2019-08-25 00:16:47.852115,Quantum ESPRESSO,DFT,,Including scaler relativistic,,22,607,22,Single-particle wave functions (charges) were expanded on a plane-wave basis set up to a kinetic energy cutoff of 50 Ry (300 Ry). The crystal structures were fully relaxed until the total force on each atom was less than 0.01 eV/Å,PBE
131,2019-08-25 00:26:06.715207,2019-08-25 00:26:06.714822,Quantum ESPRESSO,DFT,,Including scaler relativistic,,22,608,22,Single-particle wave functions (charges) were expanded on a plane-wave basis set up to a kinetic energy cutoff of 50 Ry (300 Ry). The crystal structures were fully relaxed until the total force on each atom was less than 0.01 eV/Å,PBE
132,2019-08-28 19:32:02.047931,2019-08-28 19:32:02.047678,VASP,DFT,,,,22,629,22,Plane wave energy cutoff of 500 eV,PBE
133,2019-09-05 20:27:45.650350,2019-09-05 20:32:45.651765,Quantum ESPRESSO,DFT,Brillouin zone was sampled using a 15 X 15 X 15 unshifted grid,,Ultrasoft pseudopotentials; Planewaves energy cutoffs 35 Ry for electronic wave functions; 280 Ry for charge density,1,647,1,10−3 Ry threshold for convergence of forces; 10−4 Ry threshold for total energy,LDA
134,2019-09-05 20:29:48.279530,2019-09-05 20:30:41.823686,Quantum ESPRESSO,DFT,Brillouin zone was sampled using a 15 X 15 X 15 unshifted grid,,Ultrasoft pseudopotentials; Planewaves energy cutoffs 35 Ry for electronic wave functions; 280 Ry for charge density,1,648,1,10−3 Ry threshold for convergence of forces; 10−4 Ry threshold for total energy,PBE
135,2019-09-05 20:34:36.789123,2019-09-05 20:35:05.232097,Quantum ESPRESSO,DFT,Brillouin zone was sampled using a 15 X 15 X 15 unshifted grid,,Ultrasoft pseudopotentials; Planewaves energy cutoffs 35 Ry for electronic wave functions; 280 Ry for charge density,1,649,1,10−3 Ry threshold for convergence of forces; 10−4 Ry threshold for total energy,HSE
136,2019-09-05 20:37:03.117057,2019-09-05 20:37:34.027034,Quantum ESPRESSO,DFT,Brillouin zone was sampled using a 15 X 15 X 15 unshifted grid,,Ultrasoft pseudopotentials; Planewaves energy cutoffs 35 Ry for electronic wave functions; 280 Ry for charge density,1,650,1,10−3 Ry threshold for convergence of forces; 10−4 Ry threshold for total energy,LDA
137,2019-09-05 20:39:32.795375,2019-09-05 20:42:21.394793,Quantum ESPRESSO,DFT,Brillouin zone was sampled using a 15 X 15 X 15 unshifted grid,,Ultrasoft pseudopotentials; Planewaves energy cutoffs 35 Ry for electronic wave functions; 280 Ry for charge density,1,651,1,10−3 Ry threshold for convergence of forces; 10−4 Ry threshold for total energy,LDA
138,2019-09-06 15:30:41.897917,2019-09-06 15:30:41.897626,Quantum ESPRESSO,DFT,,,,1,654,1,10−3 Ry threshold for convergence of forces; 10−4 Ry threshold for total energy,LDA
139,2019-09-06 19:25:00.813688,2019-09-06 19:25:00.813304,VASP,DFT,4×4×2 Monkhorst-Pack,Relativistic with SOC,PAW,22,656,22,Forces were relaxed till 0.01eV/Angstorm,optB86b GGA functional
140,2019-09-07 17:43:02.646979,2019-09-07 17:43:02.646617,,,,,,22,657,22,,
142,2019-10-25 15:47:52.217084,2020-02-25 19:04:43.758745,FHI-aims,DFT,3*5*5,atomic ZORA with SOC,intermediate,16,742,16,force convergence 5e-3 eV/AA,HSE06
143,2019-10-25 17:43:47.229336,2019-10-25 17:43:47.229042,FHI-aims,DFT,3*5*5,atomic ZORA with SOC,intermediate,16,743,16,force convergence 5e-3 eV/atom,HSE06
144,2020-02-21 16:27:39.999592,2020-02-21 16:27:39.999285,FHI-aims,density functional theory,1x2x2,atomic ZORA,tight,16,744,16,tight,PBE with Tkatchenko-Scheffler van der Waals correction
145,2020-02-25 19:01:45.820773,2020-02-25 19:01:45.820470,FHI-aims,DFT,2*8*8,atomic ZORA with SOC,tight,16,745,16,force convergence 5e-3 eV/AA,PBE
176,2020-05-03 21:24:37.194872,2020-05-03 21:24:37.194527,,,,,,35,810,35,,
177,2020-05-03 21:28:11.898851,2020-05-03 21:28:11.898523,,,,,,35,811,35,,
178,2020-05-03 21:29:25.894063,2020-05-03 21:29:25.893650,,,,,,35,812,35,,
179,2020-05-03 21:30:30.840947,2020-05-03 21:30:30.840655,,,,,,35,813,35,,
181,2020-05-03 21:41:00.870251,2020-05-03 21:41:00.869966,,,,,,35,815,35,,
182,2020-05-03 22:01:35.133086,2020-05-03 22:01:35.132888,,,,,,35,806,35,,
183,2020-05-03 22:01:56.633576,2020-05-03 22:01:56.633348,,,,,,35,807,35,,
184,2020-05-03 22:02:18.470540,2020-05-03 22:02:18.470260,,,,,,35,808,35,,
185,2020-05-03 22:02:47.208145,2020-05-03 22:02:47.207922,,,,,,35,809,35,,
188,2020-05-11 03:45:01.116358,2020-05-11 03:45:01.116102,,DFT,,,,35,835,35,,optB88-vdW; GGA + vdW
189,2020-05-11 03:53:28.613897,2020-05-11 03:53:28.613602,VASP,DFT,4x4x1 (Monkhort-Pack),,PAW,35,837,35,,"GGA + vdW, GGA + vdW+ SO, and HSE+SOC"
190,2020-05-15 05:32:52.836010,2020-05-15 05:32:52.835691,VASP,DFT,6x6x6 Γ-centered,,PAW,35,855,35,,PBE+SOC
191,2020-05-15 05:36:38.577096,2020-05-15 05:36:38.576814,,DFT,6x6x6 Γ-centered k-point meshes,,PAW,35,861,35,,
193,2020-05-15 05:40:25.338794,2020-05-15 05:40:25.338445,VASP,DFT,,,PAW,35,863,35,,PBE+SOC
194,2020-05-15 05:42:01.789585,2020-05-15 05:42:01.789263,,DFT,6x6x6 Γ-centered k-point meshes,,PAW,35,864,35,,HSE06+SOC
195,2020-06-05 01:36:24.766614,2020-06-05 01:36:24.766280,VASP,DFT,,,PAW,35,893,35,,GGA-PBE + SO
197,2020-06-05 01:40:57.095856,2020-06-05 01:40:57.095582,VASP,DFT,,,PAW,35,895,35,,GGA
198,2020-06-05 01:42:59.728839,2020-06-05 01:42:59.728491,VASP,DFT,,,PAW,35,896,35,,GGA
200,2020-06-12 03:14:53.314742,2020-06-12 03:14:53.314446,VASP Package,DFT (van der Waals-corrected),,,PAW,35,903,35,,"Van der Waals density functional method (optB86b-vdW); specifically, PBE, (PBE+D2 and PBE+D3), (PBE+TS), PBEsol."
201,2020-06-12 04:48:52.768428,2020-06-12 04:48:52.768105,VASP Package,DFT (van der Waals-corrected),2x2x2,,PAW,35,905,35,,
202,2020-06-12 04:59:11.067185,2020-06-12 04:59:11.066800,Wannier90 code,DFT,2x2x2,,PAW,35,907,35,,G0W0@HSE06
203,2020-06-12 05:10:53.391349,2020-06-12 05:10:53.391050,,DFT,,,,35,910,35,,
204,2020-06-12 05:28:46.603783,2020-06-12 05:28:46.603514,Wannier90 code,DFT,,,PAW,35,914,35,,G0W0@HSE06
205,2020-06-22 03:04:25.696523,2020-06-22 03:04:25.696248,,,,,,35,916,35,,
206,2020-06-22 18:04:51.154959,2020-06-22 18:04:51.154647,VASP,DFT,4x4x4,scalar,PAW,40,918,40,,GW0
207,2020-06-22 18:56:02.134790,2020-06-22 18:56:02.134511,VASP,DFT,16x16x16,scalar,PAW,40,919,40,,BSE
208,2020-06-22 19:09:02.094718,2020-06-22 19:12:40.478230,VASP,DFT,4x3x1,SOC,PAW,40,920,40,,GW0
209,2020-06-22 19:11:22.542634,2020-06-22 19:11:22.542370,VASP,DFT,16x12x4,SOC,PAW,40,921,40,,BSE
212,2020-06-22 19:52:23.209707,2020-06-22 19:52:23.209435,CP2K,DFT,,scalar,Gaussian+PAW,40,924,40,,PBE-SIC
214,2020-06-22 20:31:58.985135,2020-06-22 20:31:58.984872,VASP,DFT,2x4x2,SOC,PAW,40,926,40,,GW0
215,2020-06-22 20:34:22.539017,2020-06-22 20:34:22.538754,VASP,DFT,2x4x2,SOC,PAW,40,927,40,,GW0
216,2020-06-22 20:35:19.875695,2020-06-22 20:35:19.875293,VASP,DFT,2x4x2,SOC,PAW,40,928,40,,GW0
217,2020-06-22 20:43:15.413234,2020-06-22 20:43:15.412948,CP2K,DFT,,scalar,Gaussian+PAW,40,929,40,,PBE-SIC
218,2020-06-22 20:51:22.308657,2020-06-22 20:51:22.308405,CP2K,DFT,2x2x2,scalar,Gaussian+PAW,40,930,40,,PBE0
219,2020-06-22 20:52:04.845100,2020-06-22 20:52:04.844826,CP2K,DFT,2x2x2,scalar,Gaussian+PAW,40,931,40,,PBE0
220,2020-06-22 20:52:52.244501,2020-06-22 20:52:52.244242,CP2K,DFT,2x2x2,scalar,Gaussian+PAW,40,932,40,,PBE0
222,2020-06-22 21:03:26.574224,2020-06-22 21:03:26.573959,CP2K,DFT,2x2x2,scalar,Gaussian+PAW,40,934,40,,PBE0
224,2020-06-22 21:06:51.624972,2020-06-22 21:06:51.624701,VASP,DFT,4x3x1,SOC,PAW,40,936,40,,GW0
225,2020-06-22 21:09:29.015186,2020-06-22 21:09:29.014936,VASP,DFT,4x4x4,scalar,PAW,40,937,40,,GW0
228,2020-06-23 04:07:55.158483,2020-06-23 04:07:55.158147,VASP 5.4.4,DFT,4x2x2,,PAW,35,940,35,,
229,2020-06-23 04:10:35.577337,2020-06-23 04:10:35.577048,VASP version 5.4.4,DFT,2x2x1,,PAW,35,941,35,,PBE
230,2020-06-23 04:13:29.279004,2020-06-23 04:13:29.278743,VASP version 5.4.4,DFT,4x4x2,,PAW,35,942,35,,
231,2020-06-23 23:38:36.883677,2020-06-23 23:38:36.883249,FHI-aims,density functional theory,3x3x3,atomic ZORA with spin-orbit coupling,tight,1,962,1,,"HSE06 α = 0.25, ω = 0.11/bohr"
232,2020-06-24 02:46:10.431663,2020-06-24 02:46:10.431415,VASP version 5.4.4,DFT,2x2x1,,PAW,35,965,35,,PBE
236,2020-06-29 07:05:36.512321,2020-06-29 07:05:36.511980,DFT,DFT,1x2x1,,PAW,35,1013,35,,PBE
241,2020-06-29 07:29:31.844285,2020-06-29 07:29:31.844022,VASP version 5.4.4,DFT,1x2x1,,PAW,35,1022,35,,PBE
243,2020-06-29 07:43:27.744058,2020-06-29 07:43:27.743782,VASP version 5.4.4,DFT,1x2x1,,PAW,35,1027,35,,PBE + SOC
245,2020-06-29 07:52:55.300726,2020-06-29 07:52:55.300469,VASP version 5.4.4,DFT,1x2x1,,PAW,35,1032,35,,PBE+SOC
252,2020-07-05 22:25:01.767396,2020-07-05 22:25:01.767049,,DFT (SIESTA Package),,,Troullier-Martins pseudopotentials,35,1136,35,,GGA in revPBE
259,2020-07-05 23:23:04.232694,2020-07-05 23:23:04.232346,,DFT (SIESTA Package),,,Troullier-Martins pseudopotentials,35,1149,35,,GGA with revPBE
264,2020-07-09 18:45:08.273529,2020-07-09 18:45:08.273109,CAESER Software Suite,Semiempirical model: Extended Huckel Method,,,,40,1217,40,,
265,2020-07-09 18:48:13.234545,2020-07-09 18:48:13.234216,CAESER Software Suite,Semiempirical model: Extended Huckel Method,,,,40,1218,40,,
266,2020-07-09 18:49:19.568117,2020-07-09 18:49:19.567774,CAESER Software Suite,Semiempirical model: Extended Huckel Method,,,,40,1219,40,,
267,2020-07-09 18:50:02.663564,2020-07-09 18:50:02.662981,CAESER Software Suite,Semiempirical model: Extended Huckel Method,,,,40,1220,40,,
268,2020-07-09 18:50:31.815716,2020-07-09 18:50:31.815169,CAESER Software Suite,Semiempirical model: Extended Huckel Method,,,,40,1221,40,,
269,2020-07-09 18:51:18.235036,2020-07-09 18:51:18.234695,CAESER Software Suite,Semiempirical model: Extended Huckel Method,,,,40,1222,40,,
270,2020-07-09 18:51:54.826101,2020-07-09 18:51:54.825741,CAESER Software Suite,Semiempirical model: Extended Huckel Method,,,,40,1223,40,,
271,2020-07-09 18:52:23.860318,2020-07-09 18:52:23.859928,CAESER Software Suite,Semiempirical model: Extended Huckel Method,,,,40,1224,40,,
273,2020-07-13 23:21:08.754812,2020-07-13 23:21:08.754442,"VASP Package, WIEN2K Package","DFT, FLAPW method",6x6x4,,PAW,40,1340,40,,PBE96
274,2020-07-13 23:23:08.812753,2020-07-13 23:23:08.812430,"VASP Package, WIEN2K Package","DFT, FLAPW method",8x4x2,,PAW,40,1341,40,,PBE96
275,2020-07-15 03:52:46.609778,2020-07-15 03:52:46.609469,Quantum espresso,DFT,0.08 × 0.07 × 0.03,,,47,1343,47,,PBE
276,2020-07-20 07:54:34.141754,2020-07-20 07:54:34.141101,,DFT through SIESTA Package (spin-orbiting was taken into account).,,,,35,1429,35,energy cutoff: 150 Ry,revPBE
277,2020-07-21 01:30:19.924185,2020-07-21 01:30:19.923788,,Semi-empirical model: Extended Huckel Theory (EHT),,non-relativsitic,,40,1436,40,,
279,2020-07-21 22:23:04.831534,2020-07-21 22:23:04.831176,FHI-aims,density functional theory,3x3x3,atomic ZORA with spin-orbit coupling,tight,1,1469,1,,"HSE06 α = 0.25, ω = 0.11/bohr"
280,2020-07-23 02:48:14.093573,2020-07-23 02:48:14.093234,,DFT through SIESTA package (spin-orbiting was taken into account).,,,Troullier-Martins pseudopotentials,35,1474,35,energy cutoff of 150 Ry for real-space mesh size,revPBE
281,2020-07-23 02:59:43.560885,2020-07-23 02:59:43.560552,,DFT through SIESTA package (spin-orbiting was taken into account).,,,Troullier-Martins pseudopotentials,35,1479,35,energy cutoff of 150 Ry for real-space mesh size,revPBE functional
282,2020-07-24 06:25:02.732860,2020-07-24 06:25:02.732494,"Ab Initio, Quantum Espresso",DFT,4x4x1,"Relativistic effects , including SOC, are treated for core orbitals. Splitting due to SOC is averaged in valence region",SRL pseudopotentials with Opium,35,1509,35,Wave functions have energy cutoff of 680 eV,PBE (supplemented by D2 method)
283,2020-07-24 06:29:41.102890,2020-07-24 06:29:41.102522,"Ab Initio, Quantum Espresso",DFT,4x4x1,"Relativistic effects , including SOC, are treated for core orbitals. Splitting due to SOC is averaged in valence region",SRL pseudopotentials with Opium,35,1510,35,Wave functions have energy cut off of 680 eV,PBE supplemented by D2 method
284,2020-07-24 06:32:28.384527,2020-07-24 06:32:28.383877,"Ab Initio, Quantum Espresso",DFT,4x4x1,"Relativistic effects , including SOC, are treated for core orbitals. Splitting due to SOC is averaged in valence region",SRL pseudopotentials with Opium,35,1511,35,Wave functions have energy cut off of 680 eV,PBE supplemented by D2 method
285,2020-07-24 06:34:39.014863,2020-07-24 06:34:39.014520,"Ab Initio, Quantum Espresso",DFT,4x4x1,"Relativistic effects , including SOC, are treated for core orbitals. Splitting due to SOC is averaged in valence region",SRL pseudopotentials with Opium,35,1512,35,wave functions have energy cut off of 680 eV,PBE supplemented by D2 method
286,2020-07-24 06:36:27.155223,2020-07-24 06:36:27.154820,"Ab Initio, Quantum Espresso",DFT,4x4x1,"relativistic effects , including SOC, are treated for core orbitals. Splitting due to SOC is averaged in valence region",SRL pseudopotentials with Opium,35,1513,35,wave functions have energy cut off of 680 eV,PBE supported by D2 method
287,2020-07-24 06:38:24.153929,2020-07-24 06:38:24.153454,"Ab Initio, Quantum Espresso",DFT,4x4x4,"relativistic effects , including SOC, are treated for core orbitals. Splitting due to SOC is averaged in valence region",SRL pseudopotentials with Opium,35,1514,35,wave functions have energy cut off of 680 eV,PBE supplemented by D2 method
288,2020-07-30 21:47:41.507071,2020-07-30 21:47:41.506464,CRYSTAL09,DFT,,,cc-p VDZ,35,1535,35,,PBESOL-D2
289,2020-07-30 21:50:00.611672,2020-07-30 21:50:00.611187,Crystal09,DFT,,,cc-p VDZ,35,1536,35,,PBESOL-D2
290,2020-08-01 17:43:44.270135,2020-08-01 17:43:44.269792,VASP,DFT,2×2×2,non-collinear magnetism,PAW (projector augmented wave) pseudopotentials and the wavefunction is expanded with a plane-wave basis set,47,1555,47,+17 meV,PBE
291,2020-08-01 21:58:44.262854,2020-08-01 21:58:44.262526,QUANTUM ESPRESSO,DFT,4 × 4 × 2,DFT+U,Coulomb interaction parameter,47,1561,47,0.002 eV/Å,Perdew−Burke−Ernzerhof
292,2020-08-01 22:06:56.641124,2020-08-01 22:06:56.640642,QUANTUM ESPRESSO,DFT,4 × 4 × 2,DFT+U,Coulomb interaction parameter,47,1562,47,0.002 eV/Å,Perdew−Burke−Ernzerhof
293,2020-08-03 17:54:47.659486,2020-08-03 17:54:47.659161,,,,,,47,1568,47,,
294,2020-08-03 22:41:16.257267,2020-08-03 22:41:16.256855,Quantum Espresso,DFT,6x6x1,,ultra-soft pseudopotentials,35,1579,35,,
296,2020-08-07 04:01:26.563423,2020-08-07 04:01:26.563002,CASTEP Program,DFT,3x3x3,,Norm-conserving pseudopotential,35,1612,35,,GGA-PBE
297,2020-08-07 04:34:33.964512,2020-08-07 04:34:33.964108,CASTEP Program,DFT,3x3x3,,Norm-conserving pseudopotential,35,1617,35,energy cutoff: 820 eV,GGA-PBE
299,2020-08-11 21:49:57.424872,2020-08-11 21:49:57.424533,FHI-aims,DFT,2×4×4,atomic ZORA,NAO,18,1621,18,,PBE
302,2020-08-12 18:27:54.674472,2020-08-12 18:27:54.674064,FHI-aims,DFT,2×4×4,atomic ZORA,NAO,18,1629,18,,PBE
303,2020-08-12 18:29:46.945005,2020-08-12 18:29:46.944657,FHI-aims,DFT,3×4×4,atomic ZORA with SOC,NAO,18,1630,18,,HSE06
304,2020-08-12 18:32:46.913538,2020-08-12 18:32:46.913205,FHI-aims,DFT,2×4×4,atomic ZORA,NAO,18,1631,18,,PBE
305,2020-08-12 18:33:33.195369,2020-08-12 18:33:33.195034,FHI-aims,DFT,3×4×4,atomic ZORA with SOC,NAO,18,1632,18,,HSE06
306,2020-08-12 18:45:58.110417,2020-08-12 18:45:58.110075,FHI-aims,DFT,2×4×4,atomic ZORA,NAO,18,1633,18,,PBE
307,2020-08-12 18:47:03.528240,2020-08-12 18:47:03.527883,FHI-aims,DFT,3×4×4,atomic ZORA with SOC,NAO,18,1634,18,,HSE06
308,2020-08-12 18:52:21.051921,2020-08-12 18:52:21.051318,FHI-aims,DFT,2×4×4,atomic ZORA,NAO,18,1635,18,,PBE
309,2020-08-12 18:53:43.677526,2020-08-12 18:53:43.677194,FHI-aims,DFT,3×4×4,atomic ZORA with SOC,NAO,18,1636,18,,HSE06
310,2020-08-21 00:35:16.896012,2020-08-21 00:35:16.895562,VESTA,DFT,6x6x1,,PAW,35,1639,35,Plane-wave cutoff energy: 500 eV,PBE+SOC+vdW
311,2020-09-04 10:59:15.158911,2020-09-04 10:59:15.158494,SIESTA,DFT,3x1x5,,Troullier-Martins pseudpotentials; wave functions: double-ζ polarized basis set of finite-range numerical pseudoatomic orbitals,35,1659,35,,GGA in revPBE form + SOC
312,2020-09-04 11:33:22.103645,2020-09-04 11:33:22.103165,SIESTA,DFT,5x1x3,,Pseudopotentials: Troullier-Martins; •	Wave-functions: over double-ζ polarized basis set of finite-range numerical pseudoatomic orbital,35,1662,35,,GGA in revPBE form + SOC
313,2020-09-04 13:22:31.231893,2020-09-04 13:22:31.231461,SIESTA,DFT,5x1x3,,Pseudopotentials: Troullier-Martins; Wave-functions: over double-ζ polarized basis set of finite-range numerical pseudoatomic orbital,35,1666,35,,GGA in revPBE form + SOC
324,2020-12-16 02:07:35.687408,2020-12-16 02:07:35.687038,VASP,DFT,4x2x2 k-grid (primitive cells) and 4x1x1 for inorganic 2D model compounds,,PAW,35,1723,35,,PBE+SOC
325,2020-12-16 02:09:41.760007,2020-12-16 02:09:41.759652,VASP,DFT,4x2x2 k-grid (primitive cells) and 4x1x1 for inorganic 2D model compounds,,PAW,35,1724,35,,HSE+SOC
326,2020-12-16 02:29:02.458981,2020-12-16 02:29:02.458523,VASP,DFT,4x2x2 k-grid (primitive cells) and 4x1x1 for inorganic 2D model compounds,,PAW,35,1731,35,,PBE+SOC
327,2020-12-16 02:30:17.607609,2020-12-16 02:30:17.607138,VASP,DFT,4x2x2 k-grid (primitive cells) and 4x1x1 for inorganic 2D model compounds,,PAW,35,1732,35,,HSE+SOC
328,2020-12-16 02:31:27.093154,2020-12-16 02:31:27.092657,VASP,DFT,4x2x2 k-grid (primitive cells) and 4x1x1 for inorganic 2D model compounds,,PAW,35,1733,35,,PBE+SOC
329,2020-12-16 02:32:46.089568,2020-12-16 02:32:46.089111,VASP,DFT,4x2x2 k-grid (primitive cells) and 4x1x1 for inorganic 2D model compounds,,PAW,35,1734,35,,HSE+SOC
330,2020-12-16 02:50:11.434148,2020-12-16 02:50:11.433730,VASP,DFT,4x2x2 k-grid (primitive cells) and 4x1x1 for inorganic 2D model compounds,,PAW,35,1741,35,,PBE+SOC
331,2020-12-16 02:51:24.286702,2020-12-16 02:51:24.286350,VASP,DFT,4x2x2 k-grid (primitive cells) and 4x1x1 for inorganic 2D model compounds,,PAW,35,1742,35,,HSE+SOC
332,2020-12-16 02:52:38.519962,2020-12-16 02:52:38.519606,VASP,DFT,4x2x2 k-grid (primitive cells) and 4x1x1 for inorganic 2D model compounds,,PAW,35,1743,35,,PBE+SOC
333,2020-12-16 02:54:02.561763,2020-12-16 02:54:02.561414,VASP,DFT,4x2x2 k-grid (primitive cells) and 4x1x1 for inorganic 2D model compounds,,PAW,35,1744,35,,HSE+SOC
334,2020-12-16 04:46:08.030248,2020-12-16 04:46:08.029828,VASP,DFT,4x2x2 k-grid (primitive cells) and 4x1x1 for inorganic 2D model compounds,,PAW,35,1752,35,,PBE+SOC
335,2020-12-16 04:47:18.388385,2020-12-16 04:47:18.387958,VASP,DFT,4x2x2 k-grid (primitive cells) and 4x1x1 for inorganic 2D model compounds,,PAW,35,1753,35,,HSE+SOC
336,2020-12-16 04:48:11.061776,2020-12-16 04:48:11.061364,VASP,DFT,4x2x2 k-grid (primitive cells) and 4x1x1 for inorganic 2D model compounds,,PAW,35,1754,35,,PBE+SOC
337,2020-12-16 04:49:35.217435,2020-12-16 04:49:35.217038,VASP,DFT,4x2x2 k-grid (primitive cells) and 4x1x1 for inorganic 2D model compounds,,PAW,35,1755,35,,HSE+SOC
338,2020-12-23 00:35:19.261480,2020-12-23 00:35:19.261138,,,,,,47,1791,47,,
339,2021-06-15 20:41:36.327085,2021-06-15 20:41:36.326684,SIESTA,DFT,,Spin-orbit coupling,Core electrons: Troullier−Martins pseudopotentials; valence electrons are described by double-ζ polarized basis set with finite numerical pseudoatomic orbitals,35,1873,35,Energy cutoff = 150 Ry,GGA with revPBE
340,2021-06-15 21:08:33.866550,2021-06-15 21:08:33.866299,SIESTA,DFT,,Spin-orbit coupling,Core electrons: Troullier−Martins pseudopotentials; valence electrons are described by double-ζ polarized basis set with finite numerical pseudoatomic orbitals,35,1874,35,Energy cutoff = 150 Ry,GGA with revPBE
341,2021-06-15 21:16:11.182141,2021-06-15 21:16:11.181817,SIESTA,DFT,,Spin-orbit coupling,Core electrons: Troullier−Martins pseudopotentials; valence electrons are described by double-ζ polarized basis set with finite numerical pseudoatomic orbitals,35,1875,35,Energy cutoff = 150 Ry,GGA with revPBE
342,2021-06-15 21:29:22.855397,2021-06-15 21:29:22.855154,SIESTA,DFT,,Spin-orbit coupling,Core electrons: Troullier−Martins pseudopotentials; valence electrons are described by double-ζ polarized basis set with finite numerical pseudoatomic orbitals,35,1876,35,Energy cutoff = 150 Ry,GGA with revPBE
343,2021-10-19 15:20:18.699685,2021-10-19 15:20:18.699218,,DFT,4x4x1,,JTH PAW,47,1884,47,,Perdew-Burke-Ernzerhof
344,2021-10-26 17:38:50.852848,2021-10-26 17:43:12.615836,FHI-aims,DFT,2*4*4,,tight,16,1885,16,force convergence 5e-3 eV/AA,PBE (with TS scheme to account for the Van der Waals effect)
345,2021-10-26 17:47:58.419890,2021-10-26 17:47:58.419657,FHI-aims,DFT,2*4*4,,tight,16,1886,16,force convergence 5e-3 eV/AA,PBE (with TS scheme to account for the Van der Waals effect)
347,2021-10-26 17:52:16.622532,2021-10-26 17:52:16.622262,FHI-aims,DFT,2*4*4,,tight,16,1888,16,force convergence 5e-3 eV/AA,PBE (with TS scheme to account for the Van der Waals effect)
348,2021-10-26 17:53:30.820618,2021-10-26 17:53:30.820385,FHI-aims,DFT,2*4*4,,tight,16,1889,16,force convergence 5e-3 eV/AA,PBE (with TS scheme to account for the Van der Waals effect)
349,2021-10-26 18:10:04.518146,2021-10-26 18:10:04.517859,FHI-aims,DFT,4*4*2,,tight,16,1890,16,force convergence 5e-3 eV/AA,PBE (with TS scheme to account for the Van der Waals effect)
350,2021-10-26 19:02:16.345596,2021-10-26 19:02:16.345258,FHI-aims,DFT,4*4*2,,,16,1894,16,force convergence 5e-3 eV/AA,PBE (with TS scheme to account for the Van der Waals effect)
352,2021-10-26 19:06:36.970662,2021-10-26 19:06:36.970424,FHI-aims,DFT,4*4*2,,,16,1896,16,force convergence 5e-3 eV/AA,PBE (with TS scheme to account for the Van der Waals effect)
353,2021-10-26 19:07:46.142664,2021-10-26 19:07:46.142398,FHI-aims,DFT,4*4*2,,,16,1897,16,force convergence 5e-3 eV/AA,PBE (with TS scheme to account for the Van der Waals effect)
354,2021-10-26 19:08:24.935412,2021-10-26 19:08:24.935168,FHI-aims,DFT,4*4*2,,,16,1898,16,force convergence 5e-3 eV/AA,PBE (with TS scheme to account for the Van der Waals effect)
355,2021-10-26 19:09:13.054605,2021-10-26 19:09:13.054376,FHI-aims,DFT,4*4*2,,,16,1899,16,force convergence 5e-3 eV/AA,PBE (with TS scheme to account for the Van der Waals effect)
356,2021-10-26 20:33:35.060284,2021-10-26 20:33:35.060034,FHI-aims,DFT,2*4*4,,tight,16,1900,16,force convergence 5e-3 eV/AA,PBE (with TS scheme to account for the Van der Waals effect)
357,2021-10-26 20:37:12.186452,2021-10-26 20:37:12.186199,FHI-aims,DFT,4*4*2,atomic ZORA with SOC,tight,16,1901,16,force convergence 5e-3 eV/AA,PBE
358,2021-10-26 20:42:30.623788,2021-10-26 20:42:30.623536,FHI-aims,DFT,4*4*2,,tight,16,1902,16,force convergence 5e-3 eV/AA,PBE (with TS scheme to account for the Van der Waals effect)
359,2021-10-26 20:48:04.712301,2021-10-26 20:48:04.712042,FHI-aims,DFT,4*4*2,,tight,16,1903,16,force convergence 5e-3 eV/AA,PBE (with TS scheme to account for the Van der Waals effect)
360,2021-10-26 21:04:14.250745,2021-10-26 21:04:14.250489,FHI-aims,DFT,4*4*2,,tight,16,1905,16,force convergence 5e-3 eV/AA,PBE (with TS scheme to account for the Van der Waals effect)
361,2021-10-26 21:08:01.016367,2021-10-26 21:08:01.016120,FHI-aims,DFT,4*4*2,,tight,16,1906,16,force convergence 5e-3 eV/AA,PBE (with TS scheme to account for the Van der Waals effect)
362,2021-10-26 21:10:17.225604,2021-10-26 21:10:17.225373,FHI-aims,DFT,4*4*2,,tight,16,1907,16,force convergence 5e-3 eV/AA,PBE (with TS scheme to account for the Van der Waals effect)
363,2021-10-26 21:13:06.546900,2021-10-26 21:13:06.546663,FHI-aims,DFT,4*4*2,,tight,16,1908,16,force convergence 5e-3 eV/AA,PBE (with TS scheme to account for the Van der Waals effect)
